controller_name,success_rate,avg_steps,avg_path_length,avg_blocked_moves,avg_total_reward,avg_path_efficiency,avg_hazard_failures,avg_hazard_collisions,avg_decision_time_ms
Dynamic A*,0.7916666666666666,33.666666666666664,30.666666666666668,0.4166666666666667,16.357916666666668,0.7578286749482402,0.0,0.0,3.231830789889859
Value MPC,0.7083333333333334,38.833333333333336,26.0,0.16666666666666666,13.658333333333331,0.6600025879917184,0.0,0.0,4.654993561580895
Risk-Aware Value MPC,0.7083333333333334,39.166666666666664,36.833333333333336,0.16666666666666666,11.8225,0.6407908214973432,0.0,0.0,7.346986645325587
Static A*,0.4166666666666667,29.166666666666668,26.208333333333332,0.4166666666666667,0.1604166666666688,0.4166666666666667,0.375,0.375,0.35751688907831225
